{
    "useCustomTheme": false,
    "TitleFore": "#ffffff",
    "TitleBack": "#6F4CBC",
    "TitleInfo": "#3498db",
    "NormalTitle": "#ffffff",
    "DimmedTitle": "#808080",
    "SelectedTitle": "#FF69B4",
    "NormalDesc": "#808080",
    "DimmedDesc": "#808080",
    "SelectedDesc": "#FF69B4",
    "StatusMsg": "#2ecc71",
    "PinIndicatorColor": "#FFD700",
    "SelectedBorder": "#3498db",
    "SelectedDescBorder": "#3498db",
    "FilteredMatch": "#ffffff",
    "FilterPrompt": "#2ecc71",
    "FilterInfo": "#3498db",
    "FilterText": "#ffffff",
    "FilterCursor": "#FFD700",
    "HelpKey": "#999999",
    "HelpDesc": "#808080",
    "PageActiveDot": "#3498db",
    "PageInactiveDot": "#808080",
    "DividerDot": "#3498db",
    "PreviewedText": "#ffffff",
    "PreviewBorder": "#3498db"
}